NIS,age,population
11001,"[0, 5)",0.011
11001,"[5, 15)",0.015
11001,"[15, 65)",0.079
11001,"[65, 120)",0.278
11002,"[0, 5)",0.011
11002,"[5, 15)",0.015
11002,"[15, 65)",0.079
11002,"[65, 120)",0.278
11004,"[65, 120)",0.011
11004,"[15, 65)",0.015
11004,"[0, 5)",0.079
11004,"[5, 15)",0.278
11005,"[0, 5)",0.011
11005,"[5, 15)",0.015
11005,"[15, 65)",0.079
11005,"[65, 120)",0.278
11007,"[0, 5)",0.011
11007,"[5, 15)",0.015
11007,"[15, 65)",0.079
11007,"[65, 120)",0.278
11008,"[65, 120)",0.011
11008,"[15, 65)",0.015
11008,"[0, 5)",0.079
11008,"[5, 15)",0.278
11009,"[0, 5)",0.011
11009,"[5, 15)",0.015
11009,"[15, 65)",0.079
11009,"[65, 120)",0.278
11013,"[65, 120)",0.011
11013,"[0, 5)",0.015
11013,"[5, 15)",0.079
11013,"[15, 65)",0.278
11016,"[65, 120)",0.011
11016,"[15, 65)",0.015
11016,"[0, 5)",0.079
11016,"[5, 15)",0.278
11018,"[15, 65)",0.011
11018,"[0, 5)",0.015
11018,"[5, 15)",0.079
11018,"[65, 120)",0.278
11021,"[65, 120)",0.011
11021,"[15, 65)",0.015
11021,"[0, 5)",0.079
11021,"[5, 15)",0.278
11022,"[0, 5)",0.011
11022,"[5, 15)",0.015
11022,"[15, 65)",0.079
11022,"[65, 120)",0.278
11023,"[0, 5)",0.011
11023,"[5, 15)",0.015
11023,"[15, 65)",0.079
11023,"[65, 120)",0.278
11024,"[65, 120)",0.011
11024,"[15, 65)",0.015
11024,"[0, 5)",0.079
11024,"[5, 15)",0.278
11025,"[0, 5)",0.011
11025,"[5, 15)",0.015
11025,"[15, 65)",0.079
11025,"[65, 120)",0.278
11029,"[15, 65)",0.011
11029,"[65, 120)",0.015
11029,"[5, 15)",0.079
11029,"[0, 5)",0.278
11030,"[0, 5)",0.011
11030,"[5, 15)",0.015
11030,"[15, 65)",0.079
11030,"[65, 120)",0.278
11035,"[0, 5)",0.011
11035,"[5, 15)",0.015
11035,"[15, 65)",0.079
11035,"[65, 120)",0.278
11037,"[65, 120)",0.011
11037,"[0, 5)",0.015
11037,"[5, 15)",0.079
11037,"[15, 65)",0.278
11038,"[15, 65)",0.011
11038,"[65, 120)",0.015
11038,"[0, 5)",0.079
11038,"[5, 15)",0.278
11039,"[15, 65)",0.011
11039,"[65, 120)",0.015
11039,"[0, 5)",0.079
11039,"[5, 15)",0.278
11040,"[0, 5)",0.011
11040,"[5, 15)",0.015
11040,"[15, 65)",0.079
11040,"[65, 120)",0.278
11044,"[15, 65)",0.011
11044,"[65, 120)",0.015
11044,"[0, 5)",0.079
11044,"[5, 15)",0.278
11050,"[0, 5)",0.011
11050,"[5, 15)",0.015
11050,"[15, 65)",0.079
11050,"[65, 120)",0.278
11052,"[65, 120)",0.011
11052,"[0, 5)",0.015
11052,"[5, 15)",0.079
11052,"[15, 65)",0.278
11053,"[15, 65)",0.011
11053,"[65, 120)",0.015
11053,"[0, 5)",0.079
11053,"[5, 15)",0.278
11054,"[0, 5)",0.011
11054,"[5, 15)",0.015
11054,"[15, 65)",0.079
11054,"[65, 120)",0.278
11055,"[0, 5)",0.011
11055,"[5, 15)",0.015
11055,"[15, 65)",0.079
11055,"[65, 120)",0.278
11056,"[65, 120)",0.011
11056,"[15, 65)",0.015
11056,"[5, 15)",0.079
11056,"[0, 5)",0.278
11057,"[0, 5)",0.011
11057,"[5, 15)",0.015
11057,"[15, 65)",0.079
11057,"[65, 120)",0.278
12002,"[0, 5)",0.011
12002,"[5, 15)",0.015
12002,"[15, 65)",0.079
12002,"[65, 120)",0.278
12005,"[65, 120)",0.011
12005,"[15, 65)",0.015
12005,"[0, 5)",0.079
12005,"[5, 15)",0.278
12007,"[0, 5)",0.011
12007,"[5, 15)",0.015
12007,"[15, 65)",0.079
12007,"[65, 120)",0.278
12009,"[0, 5)",0.011
12009,"[5, 15)",0.015
12009,"[15, 65)",0.079
12009,"[65, 120)",0.278
12014,"[65, 120)",0.011
12014,"[15, 65)",0.015
12014,"[0, 5)",0.079
12014,"[5, 15)",0.278
12021,"[0, 5)",0.011
12021,"[5, 15)",0.015
12021,"[15, 65)",0.079
12021,"[65, 120)",0.278
12025,"[65, 120)",0.011
12025,"[15, 65)",0.015
12025,"[5, 15)",0.079
12025,"[0, 5)",0.278
12026,"[0, 5)",0.011
12026,"[5, 15)",0.015
12026,"[15, 65)",0.079
12026,"[65, 120)",0.278
12029,"[15, 65)",0.011
12029,"[65, 120)",0.015
12029,"[0, 5)",0.079
12029,"[5, 15)",0.278
12035,"[0, 5)",0.011
12035,"[5, 15)",0.015
12035,"[15, 65)",0.079
12035,"[65, 120)",0.278
12040,"[15, 65)",0.011
12040,"[0, 5)",0.015
12040,"[5, 15)",0.079
12040,"[65, 120)",0.278
12041,"[0, 5)",0.011
12041,"[5, 15)",0.015
12041,"[15, 65)",0.079
12041,"[65, 120)",0.278
13001,"[15, 65)",0.011
13001,"[5, 15)",0.015
13001,"[0, 5)",0.079
13001,"[65, 120)",0.278
13002,"[0, 5)",0.011
13002,"[65, 120)",0.015
13002,"[15, 65)",0.079
13002,"[5, 15)",0.278
13003,"[0, 5)",0.011
13003,"[5, 15)",0.015
13003,"[65, 120)",0.079
13003,"[15, 65)",0.278
13004,"[0, 5)",0.011
13004,"[5, 15)",0.015
13004,"[15, 65)",0.079
13004,"[65, 120)",0.278
13006,"[65, 120)",0.011
13006,"[0, 5)",0.015
13006,"[5, 15)",0.079
13006,"[15, 65)",0.278
13008,"[0, 5)",0.011
13008,"[5, 15)",0.015
13008,"[15, 65)",0.079
13008,"[65, 120)",0.278
13010,"[15, 65)",0.011
13010,"[65, 120)",0.015
13010,"[5, 15)",0.079
13010,"[0, 5)",0.278
13011,"[15, 65)",0.011
13011,"[65, 120)",0.015
13011,"[0, 5)",0.079
13011,"[5, 15)",0.278
13012,"[0, 5)",0.011
13012,"[5, 15)",0.015
13012,"[15, 65)",0.079
13012,"[65, 120)",0.278
13013,"[15, 65)",0.011
13013,"[0, 5)",0.015
13013,"[5, 15)",0.079
13013,"[65, 120)",0.278
13014,"[0, 5)",0.011
13014,"[5, 15)",0.015
13014,"[15, 65)",0.079
13014,"[65, 120)",0.278
13016,"[15, 65)",0.011
13016,"[65, 120)",0.015
13016,"[0, 5)",0.079
13016,"[5, 15)",0.278
13017,"[0, 5)",0.011
13017,"[5, 15)",0.015
13017,"[15, 65)",0.079
13017,"[65, 120)",0.278
13019,"[15, 65)",0.011
13019,"[65, 120)",0.015
13019,"[5, 15)",0.079
13019,"[0, 5)",0.278
13021,"[5, 15)",0.011
13021,"[15, 65)",0.015
13021,"[65, 120)",0.079
13021,"[0, 5)",0.278
13023,"[65, 120)",0.011
13023,"[15, 65)",0.015
13023,"[0, 5)",0.079
13023,"[5, 15)",0.278
13025,"[5, 15)",0.011
13025,"[0, 5)",0.015
13025,"[15, 65)",0.079
13025,"[65, 120)",0.278
13029,"[65, 120)",0.011
13029,"[0, 5)",0.015
13029,"[5, 15)",0.079
13029,"[15, 65)",0.278
13031,"[0, 5)",0.011
13031,"[5, 15)",0.015
13031,"[65, 120)",0.079
13031,"[15, 65)",0.278
13035,"[0, 5)",0.011
13035,"[5, 15)",0.015
13035,"[15, 65)",0.079
13035,"[65, 120)",0.278
13036,"[65, 120)",0.011
13036,"[15, 65)",0.015
13036,"[5, 15)",0.079
13036,"[0, 5)",0.278
13037,"[15, 65)",0.011
13037,"[65, 120)",0.015
13037,"[0, 5)",0.079
13037,"[5, 15)",0.278
13040,"[0, 5)",0.011
13040,"[5, 15)",0.015
13040,"[15, 65)",0.079
13040,"[65, 120)",0.278
13044,"[15, 65)",0.011
13044,"[65, 120)",0.015
13044,"[0, 5)",0.079
13044,"[5, 15)",0.278
13046,"[0, 5)",0.011
13046,"[5, 15)",0.015
13046,"[15, 65)",0.079
13046,"[65, 120)",0.278
13049,"[15, 65)",0.011
13049,"[65, 120)",0.015
13049,"[0, 5)",0.079
13049,"[5, 15)",0.278
13053,"[0, 5)",0.011
13053,"[5, 15)",0.015
13053,"[15, 65)",0.079
13053,"[65, 120)",0.278
21001,"[15, 65)",0.002
21001,"[5, 15)",0.003
21001,"[0, 5)",0.014
21001,"[65, 120)",0.059
21002,"[5, 15)",0.002
21002,"[15, 65)",0.003
21002,"[65, 120)",0.014
21002,"[0, 5)",0.059
21003,"[0, 5)",0.002
21003,"[5, 15)",0.003
21003,"[15, 65)",0.014
21003,"[65, 120)",0.059
21004,"[65, 120)",0.002
21004,"[15, 65)",0.003
21004,"[5, 15)",0.014
21004,"[0, 5)",0.059
21005,"[0, 5)",0.002
21005,"[5, 15)",0.003
21005,"[65, 120)",0.014
21005,"[15, 65)",0.059
21006,"[15, 65)",0.002
21006,"[0, 5)",0.003
21006,"[5, 15)",0.014
21006,"[65, 120)",0.059
21007,"[65, 120)",0.002
21007,"[5, 15)",0.003
21007,"[0, 5)",0.014
21007,"[15, 65)",0.059
21008,"[15, 65)",0.002
21008,"[5, 15)",0.003
21008,"[0, 5)",0.014
21008,"[65, 120)",0.059
21009,"[0, 5)",0.002
21009,"[5, 15)",0.003
21009,"[15, 65)",0.014
21009,"[65, 120)",0.059
21010,"[0, 5)",0.002
21010,"[5, 15)",0.003
21010,"[15, 65)",0.014
21010,"[65, 120)",0.059
21011,"[65, 120)",0.002
21011,"[15, 65)",0.003
21011,"[5, 15)",0.014
21011,"[0, 5)",0.059
21012,"[5, 15)",0.002
21012,"[15, 65)",0.003
21012,"[65, 120)",0.014
21012,"[0, 5)",0.059
21013,"[0, 5)",0.002
21013,"[5, 15)",0.003
21013,"[15, 65)",0.014
21013,"[65, 120)",0.059
21014,"[0, 5)",0.002
21014,"[5, 15)",0.003
21014,"[15, 65)",0.014
21014,"[65, 120)",0.059
21015,"[15, 65)",0.002
21015,"[0, 5)",0.003
21015,"[5, 15)",0.014
21015,"[65, 120)",0.059
21016,"[5, 15)",0.002
21016,"[0, 5)",0.003
21016,"[65, 120)",0.014
21016,"[15, 65)",0.059
21017,"[0, 5)",0.002
21017,"[5, 15)",0.003
21017,"[15, 65)",0.014
21017,"[65, 120)",0.059
21018,"[65, 120)",0.002
21018,"[5, 15)",0.003
21018,"[0, 5)",0.014
21018,"[15, 65)",0.059
21019,"[0, 5)",0.002
21019,"[5, 15)",0.003
21019,"[65, 120)",0.014
21019,"[15, 65)",0.059
23002,"[0, 5)",0.011
23002,"[5, 15)",0.015
23002,"[15, 65)",0.079
23002,"[65, 120)",0.278
23003,"[15, 65)",0.011
23003,"[65, 120)",0.015
23003,"[5, 15)",0.079
23003,"[0, 5)",0.278
23009,"[5, 15)",0.011
23009,"[15, 65)",0.015
23009,"[65, 120)",0.079
23009,"[0, 5)",0.278
23016,"[0, 5)",0.011
23016,"[5, 15)",0.015
23016,"[15, 65)",0.079
23016,"[65, 120)",0.278
23023,"[0, 5)",0.011
23023,"[5, 15)",0.015
23023,"[15, 65)",0.079
23023,"[65, 120)",0.278
23024,"[65, 120)",0.011
23024,"[0, 5)",0.015
23024,"[15, 65)",0.079
23024,"[5, 15)",0.278
23025,"[5, 15)",0.011
23025,"[0, 5)",0.015
23025,"[65, 120)",0.079
23025,"[15, 65)",0.278
23027,"[0, 5)",0.011
23027,"[5, 15)",0.015
23027,"[15, 65)",0.079
23027,"[65, 120)",0.278
23032,"[65, 120)",0.011
23032,"[5, 15)",0.015
23032,"[0, 5)",0.079
23032,"[15, 65)",0.278
23033,"[0, 5)",0.011
23033,"[5, 15)",0.015
23033,"[15, 65)",0.079
23033,"[65, 120)",0.278
23038,"[0, 5)",0.011
23038,"[5, 15)",0.015
23038,"[15, 65)",0.079
23038,"[65, 120)",0.278
23039,"[65, 120)",0.011
23039,"[15, 65)",0.015
23039,"[5, 15)",0.079
23039,"[0, 5)",0.278
23044,"[5, 15)",0.011
23044,"[15, 65)",0.015
23044,"[65, 120)",0.079
23044,"[0, 5)",0.278
23045,"[0, 5)",0.011
23045,"[5, 15)",0.015
23045,"[15, 65)",0.079
23045,"[65, 120)",0.278
23047,"[15, 65)",0.011
23047,"[0, 5)",0.015
23047,"[5, 15)",0.079
23047,"[65, 120)",0.278
23050,"[0, 5)",0.011
23050,"[5, 15)",0.015
23050,"[15, 65)",0.079
23050,"[65, 120)",0.278
23052,"[15, 65)",0.011
23052,"[65, 120)",0.015
23052,"[0, 5)",0.079
23052,"[5, 15)",0.278
23060,"[0, 5)",0.011
23060,"[5, 15)",0.015
23060,"[15, 65)",0.079
23060,"[65, 120)",0.278
23062,"[15, 65)",0.011
23062,"[5, 15)",0.015
23062,"[0, 5)",0.079
23062,"[65, 120)",0.278
23064,"[5, 15)",0.011
23064,"[15, 65)",0.015
23064,"[65, 120)",0.079
23064,"[0, 5)",0.278
23077,"[0, 5)",0.011
23077,"[5, 15)",0.015
23077,"[15, 65)",0.079
23077,"[65, 120)",0.278
23081,"[0, 5)",0.011
23081,"[15, 65)",0.015
23081,"[5, 15)",0.079
23081,"[65, 120)",0.278
23086,"[5, 15)",0.011
23086,"[0, 5)",0.015
23086,"[65, 120)",0.079
23086,"[15, 65)",0.278
23088,"[0, 5)",0.011
23088,"[5, 15)",0.015
23088,"[15, 65)",0.079
23088,"[65, 120)",0.278
23094,"[65, 120)",0.011
23094,"[5, 15)",0.015
23094,"[0, 5)",0.079
23094,"[15, 65)",0.278
23096,"[0, 5)",0.011
23096,"[5, 15)",0.015
23096,"[65, 120)",0.079
23096,"[15, 65)",0.278
23097,"[0, 5)",0.011
23097,"[5, 15)",0.015
23097,"[15, 65)",0.079
23097,"[65, 120)",0.278
23098,"[15, 65)",0.011
23098,"[65, 120)",0.015
23098,"[5, 15)",0.079
23098,"[0, 5)",0.278
23099,"[5, 15)",0.011
23099,"[15, 65)",0.015
23099,"[65, 120)",0.079
23099,"[0, 5)",0.278
23100,"[0, 5)",0.011
23100,"[5, 15)",0.015
23100,"[15, 65)",0.079
23100,"[65, 120)",0.278
23101,"[0, 5)",0.011
23101,"[5, 15)",0.015
23101,"[15, 65)",0.079
23101,"[65, 120)",0.278
23102,"[15, 65)",0.011
23102,"[5, 15)",0.015
23102,"[0, 5)",0.079
23102,"[65, 120)",0.278
23103,"[5, 15)",0.011
23103,"[0, 5)",0.015
23103,"[15, 65)",0.079
23103,"[65, 120)",0.278
23104,"[15, 65)",0.011
23104,"[65, 120)",0.015
23104,"[0, 5)",0.079
23104,"[5, 15)",0.278
23105,"[0, 5)",0.011
23105,"[5, 15)",0.015
23105,"[15, 65)",0.079
23105,"[65, 120)",0.278
24001,"[0, 5)",0.011
24001,"[5, 15)",0.015
24001,"[15, 65)",0.079
24001,"[65, 120)",0.278
24007,"[15, 65)",0.011
24007,"[65, 120)",0.015
24007,"[5, 15)",0.079
24007,"[0, 5)",0.278
24008,"[5, 15)",0.011
24008,"[15, 65)",0.015
24008,"[65, 120)",0.079
24008,"[0, 5)",0.278
24009,"[0, 5)",0.011
24009,"[5, 15)",0.015
24009,"[15, 65)",0.079
24009,"[65, 120)",0.278
24011,"[15, 65)",0.011
24011,"[5, 15)",0.015
24011,"[0, 5)",0.079
24011,"[65, 120)",0.278
24014,"[5, 15)",0.011
24014,"[0, 5)",0.015
24014,"[65, 120)",0.079
24014,"[15, 65)",0.278
24016,"[15, 65)",0.011
24016,"[65, 120)",0.015
24016,"[0, 5)",0.079
24016,"[5, 15)",0.278
24020,"[0, 5)",0.011
24020,"[5, 15)",0.015
24020,"[65, 120)",0.079
24020,"[15, 65)",0.278
24028,"[0, 5)",0.011
24028,"[5, 15)",0.015
24028,"[15, 65)",0.079
24028,"[65, 120)",0.278
24033,"[15, 65)",0.011
24033,"[0, 5)",0.015
24033,"[5, 15)",0.079
24033,"[65, 120)",0.278
24038,"[5, 15)",0.011
24038,"[15, 65)",0.015
24038,"[65, 120)",0.079
24038,"[0, 5)",0.278
24041,"[0, 5)",0.011
24041,"[5, 15)",0.015
24041,"[15, 65)",0.079
24041,"[65, 120)",0.278
24043,"[0, 5)",0.011
24043,"[5, 15)",0.015
24043,"[15, 65)",0.079
24043,"[65, 120)",0.278
24045,"[15, 65)",0.011
24045,"[65, 120)",0.015
24045,"[0, 5)",0.079
24045,"[5, 15)",0.278
24048,"[5, 15)",0.011
24048,"[15, 65)",0.015
24048,"[65, 120)",0.079
24048,"[0, 5)",0.278
24054,"[0, 5)",0.011
24054,"[5, 15)",0.015
24054,"[15, 65)",0.079
24054,"[65, 120)",0.278
24055,"[0, 5)",0.011
24055,"[65, 120)",0.015
24055,"[5, 15)",0.079
24055,"[15, 65)",0.278
24059,"[5, 15)",0.011
24059,"[15, 65)",0.015
24059,"[65, 120)",0.079
24059,"[0, 5)",0.278
24062,"[0, 5)",0.011
24062,"[65, 120)",0.015
24062,"[15, 65)",0.079
24062,"[5, 15)",0.278
24066,"[5, 15)",0.011
24066,"[65, 120)",0.015
24066,"[0, 5)",0.079
24066,"[15, 65)",0.278
24086,"[0, 5)",0.011
24086,"[5, 15)",0.015
24086,"[15, 65)",0.079
24086,"[65, 120)",0.278
24094,"[5, 15)",0.011
24094,"[65, 120)",0.015
24094,"[0, 5)",0.079
24094,"[15, 65)",0.278
24104,"[0, 5)",0.011
24104,"[5, 15)",0.015
24104,"[65, 120)",0.079
24104,"[15, 65)",0.278
24107,"[0, 5)",0.011
24107,"[5, 15)",0.015
24107,"[15, 65)",0.079
24107,"[65, 120)",0.278
24109,"[65, 120)",0.011
24109,"[5, 15)",0.015
24109,"[0, 5)",0.079
24109,"[15, 65)",0.278
24130,"[65, 120)",0.011
24130,"[15, 65)",0.015
24130,"[0, 5)",0.079
24130,"[5, 15)",0.278
24133,"[0, 5)",0.011
24133,"[5, 15)",0.015
24133,"[15, 65)",0.079
24133,"[65, 120)",0.278
24134,"[5, 15)",0.011
24134,"[15, 65)",0.015
24134,"[65, 120)",0.079
24134,"[0, 5)",0.278
24135,"[0, 5)",0.011
24135,"[5, 15)",0.015
24135,"[15, 65)",0.079
24135,"[65, 120)",0.278
24137,"[65, 120)",0.011
24137,"[15, 65)",0.015
24137,"[5, 15)",0.079
24137,"[0, 5)",0.278
25005,"[5, 15)",0.002
25005,"[65, 120)",0.003
25005,"[0, 5)",0.011
25005,"[15, 65)",0.043
25014,"[0, 5)",0.002
25014,"[5, 15)",0.003
25014,"[15, 65)",0.011
25014,"[65, 120)",0.043
25015,"[0, 5)",0.002
25015,"[5, 15)",0.003
25015,"[15, 65)",0.011
25015,"[65, 120)",0.043
25018,"[65, 120)",0.002
25018,"[5, 15)",0.003
25018,"[0, 5)",0.011
25018,"[15, 65)",0.043
25023,"[0, 5)",0.002
25023,"[5, 15)",0.003
25023,"[15, 65)",0.011
25023,"[65, 120)",0.043
25031,"[15, 65)",0.002
25031,"[65, 120)",0.003
25031,"[0, 5)",0.011
25031,"[5, 15)",0.043
25037,"[0, 5)",0.002
25037,"[5, 15)",0.003
25037,"[15, 65)",0.011
25037,"[65, 120)",0.043
25043,"[0, 5)",0.002
25043,"[5, 15)",0.003
25043,"[15, 65)",0.011
25043,"[65, 120)",0.043
25044,"[15, 65)",0.002
25044,"[65, 120)",0.003
25044,"[5, 15)",0.011
25044,"[0, 5)",0.043
25048,"[5, 15)",0.002
25048,"[15, 65)",0.003
25048,"[65, 120)",0.011
25048,"[0, 5)",0.043
25050,"[0, 5)",0.002
25050,"[5, 15)",0.003
25050,"[15, 65)",0.011
25050,"[65, 120)",0.043
25068,"[65, 120)",0.002
25068,"[0, 5)",0.003
25068,"[5, 15)",0.011
25068,"[15, 65)",0.043
25072,"[0, 5)",0.002
25072,"[5, 15)",0.003
25072,"[65, 120)",0.011
25072,"[15, 65)",0.043
25084,"[15, 65)",0.002
25084,"[0, 5)",0.003
25084,"[5, 15)",0.011
25084,"[65, 120)",0.043
25091,"[65, 120)",0.002
25091,"[5, 15)",0.003
25091,"[0, 5)",0.011
25091,"[15, 65)",0.043
25105,"[0, 5)",0.002
25105,"[5, 15)",0.003
25105,"[15, 65)",0.011
25105,"[65, 120)",0.043
25107,"[0, 5)",0.002
25107,"[5, 15)",0.003
25107,"[15, 65)",0.011
25107,"[65, 120)",0.043
25110,"[65, 120)",0.002
25110,"[15, 65)",0.003
25110,"[5, 15)",0.011
25110,"[0, 5)",0.043
25112,"[5, 15)",0.002
25112,"[15, 65)",0.003
25112,"[65, 120)",0.011
25112,"[0, 5)",0.043
25117,"[0, 5)",0.002
25117,"[5, 15)",0.003
25117,"[15, 65)",0.011
25117,"[65, 120)",0.043
25118,"[15, 65)",0.002
25118,"[0, 5)",0.003
25118,"[5, 15)",0.011
25118,"[65, 120)",0.043
25119,"[5, 15)",0.002
25119,"[0, 5)",0.003
25119,"[15, 65)",0.011
25119,"[65, 120)",0.043
25120,"[15, 65)",0.002
25120,"[65, 120)",0.003
25120,"[0, 5)",0.011
25120,"[5, 15)",0.043
25121,"[0, 5)",0.002
25121,"[5, 15)",0.003
25121,"[15, 65)",0.011
25121,"[65, 120)",0.043
25122,"[0, 5)",0.002
25122,"[5, 15)",0.003
25122,"[15, 65)",0.011
25122,"[65, 120)",0.043
25123,"[15, 65)",0.002
25123,"[65, 120)",0.003
25123,"[5, 15)",0.011
25123,"[0, 5)",0.043
25124,"[5, 15)",0.002
25124,"[15, 65)",0.003
25124,"[65, 120)",0.011
25124,"[0, 5)",0.043
31003,"[0, 5)",0.011
31003,"[5, 15)",0.015
31003,"[15, 65)",0.079
31003,"[65, 120)",0.278
31004,"[15, 65)",0.011
31004,"[0, 5)",0.015
31004,"[5, 15)",0.079
31004,"[65, 120)",0.278
31005,"[0, 5)",0.011
31005,"[5, 15)",0.015
31005,"[65, 120)",0.079
31005,"[15, 65)",0.278
31006,"[15, 65)",0.011
31006,"[0, 5)",0.015
31006,"[5, 15)",0.079
31006,"[65, 120)",0.278
31012,"[65, 120)",0.011
31012,"[0, 5)",0.015
31012,"[5, 15)",0.079
31012,"[15, 65)",0.278
31022,"[0, 5)",0.011
31022,"[15, 65)",0.015
31022,"[5, 15)",0.079
31022,"[65, 120)",0.278
31033,"[0, 5)",0.011
31033,"[5, 15)",0.015
31033,"[15, 65)",0.079
31033,"[65, 120)",0.278
31040,"[0, 5)",0.011
31040,"[5, 15)",0.015
31040,"[15, 65)",0.079
31040,"[65, 120)",0.278
31042,"[65, 120)",0.011
31042,"[15, 65)",0.015
31042,"[0, 5)",0.079
31042,"[5, 15)",0.278
31043,"[5, 15)",0.011
31043,"[15, 65)",0.015
31043,"[65, 120)",0.079
31043,"[0, 5)",0.278
32003,"[0, 5)",0.011
32003,"[5, 15)",0.015
32003,"[15, 65)",0.079
32003,"[65, 120)",0.278
32006,"[15, 65)",0.011
32006,"[65, 120)",0.015
32006,"[0, 5)",0.079
32006,"[5, 15)",0.278
32010,"[0, 5)",0.011
32010,"[5, 15)",0.015
32010,"[15, 65)",0.079
32010,"[65, 120)",0.278
32011,"[15, 65)",0.011
32011,"[65, 120)",0.015
32011,"[0, 5)",0.079
32011,"[5, 15)",0.278
32030,"[0, 5)",0.011
32030,"[5, 15)",0.015
32030,"[15, 65)",0.079
32030,"[65, 120)",0.278
33011,"[0, 5)",0.011
33011,"[5, 15)",0.015
33011,"[15, 65)",0.079
33011,"[65, 120)",0.278
33016,"[15, 65)",0.011
33016,"[65, 120)",0.015
33016,"[5, 15)",0.079
33016,"[0, 5)",0.278
33021,"[5, 15)",0.011
33021,"[15, 65)",0.015
33021,"[65, 120)",0.079
33021,"[0, 5)",0.278
33029,"[0, 5)",0.011
33029,"[5, 15)",0.015
33029,"[15, 65)",0.079
33029,"[65, 120)",0.278
33037,"[15, 65)",0.011
33037,"[0, 5)",0.015
33037,"[5, 15)",0.079
33037,"[65, 120)",0.278
33039,"[5, 15)",0.011
33039,"[0, 5)",0.015
33039,"[65, 120)",0.079
33039,"[15, 65)",0.278
33040,"[15, 65)",0.011
33040,"[0, 5)",0.015
33040,"[5, 15)",0.079
33040,"[65, 120)",0.278
33041,"[65, 120)",0.011
33041,"[5, 15)",0.015
33041,"[0, 5)",0.079
33041,"[15, 65)",0.278
34002,"[0, 5)",0.011
34002,"[5, 15)",0.015
34002,"[15, 65)",0.079
34002,"[65, 120)",0.278
34003,"[0, 5)",0.011
34003,"[5, 15)",0.015
34003,"[15, 65)",0.079
34003,"[65, 120)",0.278
34009,"[65, 120)",0.011
34009,"[15, 65)",0.015
34009,"[5, 15)",0.079
34009,"[0, 5)",0.278
34013,"[5, 15)",0.011
34013,"[15, 65)",0.015
34013,"[65, 120)",0.079
34013,"[0, 5)",0.278
34022,"[0, 5)",0.011
34022,"[5, 15)",0.015
34022,"[15, 65)",0.079
34022,"[65, 120)",0.278
34023,"[15, 65)",0.011
34023,"[0, 5)",0.015
34023,"[5, 15)",0.079
34023,"[65, 120)",0.278
34025,"[5, 15)",0.011
34025,"[0, 5)",0.015
34025,"[15, 65)",0.079
34025,"[65, 120)",0.278
34027,"[15, 65)",0.011
34027,"[65, 120)",0.015
34027,"[0, 5)",0.079
34027,"[5, 15)",0.278
34040,"[0, 5)",0.011
34040,"[5, 15)",0.015
34040,"[15, 65)",0.079
34040,"[65, 120)",0.278
34041,"[0, 5)",0.011
34041,"[5, 15)",0.015
34041,"[15, 65)",0.079
34041,"[65, 120)",0.278
34042,"[15, 65)",0.011
34042,"[65, 120)",0.015
34042,"[5, 15)",0.079
34042,"[0, 5)",0.278
34043,"[5, 15)",0.011
34043,"[15, 65)",0.015
34043,"[65, 120)",0.079
34043,"[0, 5)",0.278
35002,"[0, 5)",0.011
35002,"[5, 15)",0.015
35002,"[15, 65)",0.079
35002,"[65, 120)",0.278
35005,"[5, 15)",0.011
35005,"[65, 120)",0.015
35005,"[0, 5)",0.079
35005,"[15, 65)",0.278
35006,"[0, 5)",0.011
35006,"[5, 15)",0.015
35006,"[65, 120)",0.079
35006,"[15, 65)",0.278
35011,"[0, 5)",0.011
35011,"[5, 15)",0.015
35011,"[15, 65)",0.079
35011,"[65, 120)",0.278
35013,"[65, 120)",0.011
35013,"[5, 15)",0.015
35013,"[0, 5)",0.079
35013,"[15, 65)",0.278
35014,"[0, 5)",0.011
35014,"[5, 15)",0.015
35014,"[65, 120)",0.079
35014,"[15, 65)",0.278
35029,"[0, 5)",0.011
35029,"[5, 15)",0.015
35029,"[15, 65)",0.079
35029,"[65, 120)",0.278
36006,"[0, 5)",0.011
36006,"[5, 15)",0.015
36006,"[15, 65)",0.079
36006,"[65, 120)",0.278
36007,"[65, 120)",0.011
36007,"[15, 65)",0.015
36007,"[5, 15)",0.079
36007,"[0, 5)",0.278
36008,"[15, 65)",0.011
36008,"[65, 120)",0.015
36008,"[0, 5)",0.079
36008,"[5, 15)",0.278
36010,"[0, 5)",0.011
36010,"[5, 15)",0.015
36010,"[15, 65)",0.079
36010,"[65, 120)",0.278
36011,"[0, 5)",0.011
36011,"[5, 15)",0.015
36011,"[15, 65)",0.079
36011,"[65, 120)",0.278
36012,"[65, 120)",0.011
36012,"[0, 5)",0.015
36012,"[5, 15)",0.079
36012,"[15, 65)",0.278
36015,"[0, 5)",0.011
36015,"[5, 15)",0.015
36015,"[15, 65)",0.079
36015,"[65, 120)",0.278
36019,"[15, 65)",0.011
36019,"[65, 120)",0.015
36019,"[0, 5)",0.079
36019,"[5, 15)",0.278
37002,"[0, 5)",0.011
37002,"[5, 15)",0.015
37002,"[15, 65)",0.079
37002,"[65, 120)",0.278
37007,"[0, 5)",0.011
37007,"[5, 15)",0.015
37007,"[15, 65)",0.079
37007,"[65, 120)",0.278
37010,"[15, 65)",0.011
37010,"[65, 120)",0.015
37010,"[5, 15)",0.079
37010,"[0, 5)",0.278
37011,"[5, 15)",0.011
37011,"[15, 65)",0.015
37011,"[65, 120)",0.079
37011,"[0, 5)",0.278
37012,"[0, 5)",0.011
37012,"[5, 15)",0.015
37012,"[15, 65)",0.079
37012,"[65, 120)",0.278
37015,"[15, 65)",0.011
37015,"[0, 5)",0.015
37015,"[5, 15)",0.079
37015,"[65, 120)",0.278
37017,"[0, 5)",0.011
37017,"[5, 15)",0.015
37017,"[65, 120)",0.079
37017,"[15, 65)",0.278
37018,"[15, 65)",0.011
37018,"[0, 5)",0.015
37018,"[5, 15)",0.079
37018,"[65, 120)",0.278
37020,"[65, 120)",0.011
37020,"[5, 15)",0.015
37020,"[0, 5)",0.079
37020,"[15, 65)",0.278
38002,"[0, 5)",0.011
38002,"[5, 15)",0.015
38002,"[15, 65)",0.079
38002,"[65, 120)",0.278
38008,"[0, 5)",0.011
38008,"[5, 15)",0.015
38008,"[15, 65)",0.079
38008,"[65, 120)",0.278
38014,"[65, 120)",0.011
38014,"[15, 65)",0.015
38014,"[5, 15)",0.079
38014,"[0, 5)",0.278
38016,"[5, 15)",0.011
38016,"[15, 65)",0.015
38016,"[65, 120)",0.079
38016,"[0, 5)",0.278
38025,"[0, 5)",0.011
38025,"[5, 15)",0.015
38025,"[15, 65)",0.079
38025,"[65, 120)",0.278
41002,"[15, 65)",0.011
41002,"[0, 5)",0.015
41002,"[5, 15)",0.079
41002,"[65, 120)",0.278
41011,"[5, 15)",0.011
41011,"[0, 5)",0.015
41011,"[15, 65)",0.079
41011,"[65, 120)",0.278
41018,"[15, 65)",0.011
41018,"[65, 120)",0.015
41018,"[0, 5)",0.079
41018,"[5, 15)",0.278
41024,"[0, 5)",0.011
41024,"[5, 15)",0.015
41024,"[15, 65)",0.079
41024,"[65, 120)",0.278
41027,"[0, 5)",0.011
41027,"[5, 15)",0.015
41027,"[15, 65)",0.079
41027,"[65, 120)",0.278
41034,"[15, 65)",0.011
41034,"[65, 120)",0.015
41034,"[5, 15)",0.079
41034,"[0, 5)",0.278
41048,"[5, 15)",0.011
41048,"[15, 65)",0.015
41048,"[65, 120)",0.079
41048,"[0, 5)",0.278
41063,"[0, 5)",0.011
41063,"[5, 15)",0.015
41063,"[15, 65)",0.079
41063,"[65, 120)",0.278
41081,"[5, 15)",0.011
41081,"[65, 120)",0.015
41081,"[0, 5)",0.079
41081,"[15, 65)",0.278
41082,"[0, 5)",0.011
41082,"[5, 15)",0.015
41082,"[65, 120)",0.079
41082,"[15, 65)",0.278
42003,"[0, 5)",0.011
42003,"[5, 15)",0.015
42003,"[15, 65)",0.079
42003,"[65, 120)",0.278
42004,"[65, 120)",0.011
42004,"[0, 5)",0.015
42004,"[5, 15)",0.079
42004,"[15, 65)",0.278
42006,"[0, 5)",0.011
42006,"[5, 15)",0.015
42006,"[15, 65)",0.079
42006,"[65, 120)",0.278
42008,"[0, 5)",0.011
42008,"[5, 15)",0.015
42008,"[15, 65)",0.079
42008,"[65, 120)",0.278
42010,"[15, 65)",0.011
42010,"[65, 120)",0.015
42010,"[5, 15)",0.079
42010,"[0, 5)",0.278
42011,"[15, 65)",0.011
42011,"[65, 120)",0.015
42011,"[0, 5)",0.079
42011,"[5, 15)",0.278
42023,"[0, 5)",0.011
42023,"[5, 15)",0.015
42023,"[15, 65)",0.079
42023,"[65, 120)",0.278
42025,"[0, 5)",0.011
42025,"[5, 15)",0.015
42025,"[15, 65)",0.079
42025,"[65, 120)",0.278
42026,"[15, 65)",0.011
42026,"[0, 5)",0.015
42026,"[5, 15)",0.079
42026,"[65, 120)",0.278
42028,"[0, 5)",0.011
42028,"[5, 15)",0.015
42028,"[15, 65)",0.079
42028,"[65, 120)",0.278
43002,"[15, 65)",0.011
43002,"[65, 120)",0.015
43002,"[0, 5)",0.079
43002,"[5, 15)",0.278
43005,"[0, 5)",0.011
43005,"[5, 15)",0.015
43005,"[15, 65)",0.079
43005,"[65, 120)",0.278
43007,"[0, 5)",0.011
43007,"[5, 15)",0.015
43007,"[15, 65)",0.079
43007,"[65, 120)",0.278
43010,"[15, 65)",0.011
43010,"[65, 120)",0.015
43010,"[5, 15)",0.079
43010,"[0, 5)",0.278
43014,"[5, 15)",0.011
43014,"[15, 65)",0.015
43014,"[65, 120)",0.079
43014,"[0, 5)",0.278
43018,"[0, 5)",0.011
43018,"[5, 15)",0.015
43018,"[15, 65)",0.079
43018,"[65, 120)",0.278
44012,"[5, 15)",0.011
44012,"[65, 120)",0.015
44012,"[0, 5)",0.079
44012,"[15, 65)",0.278
44013,"[0, 5)",0.011
44013,"[5, 15)",0.015
44013,"[15, 65)",0.079
44013,"[65, 120)",0.278
44019,"[15, 65)",0.011
44019,"[65, 120)",0.015
44019,"[0, 5)",0.079
44019,"[5, 15)",0.278
44020,"[0, 5)",0.011
44020,"[5, 15)",0.015
44020,"[15, 65)",0.079
44020,"[65, 120)",0.278
44021,"[0, 5)",0.011
44021,"[5, 15)",0.015
44021,"[15, 65)",0.079
44021,"[65, 120)",0.278
44034,"[15, 65)",0.011
44034,"[5, 15)",0.015
44034,"[0, 5)",0.079
44034,"[65, 120)",0.278
44040,"[5, 15)",0.011
44040,"[15, 65)",0.015
44040,"[65, 120)",0.079
44040,"[0, 5)",0.278
44043,"[0, 5)",0.011
44043,"[5, 15)",0.015
44043,"[15, 65)",0.079
44043,"[65, 120)",0.278
44045,"[0, 5)",0.011
44045,"[5, 15)",0.015
44045,"[15, 65)",0.079
44045,"[65, 120)",0.278
44048,"[5, 15)",0.011
44048,"[0, 5)",0.015
44048,"[15, 65)",0.079
44048,"[65, 120)",0.278
44052,"[5, 15)",0.011
44052,"[15, 65)",0.015
44052,"[65, 120)",0.079
44052,"[0, 5)",0.278
44064,"[0, 5)",0.011
44064,"[5, 15)",0.015
44064,"[15, 65)",0.079
44064,"[65, 120)",0.278
44073,"[0, 5)",0.011
44073,"[5, 15)",0.015
44073,"[15, 65)",0.079
44073,"[65, 120)",0.278
44081,"[65, 120)",0.011
44081,"[15, 65)",0.015
44081,"[5, 15)",0.079
44081,"[0, 5)",0.278
44083,"[65, 120)",0.011
44083,"[15, 65)",0.015
44083,"[5, 15)",0.079
44083,"[0, 5)",0.278
44084,"[0, 5)",0.011
44084,"[65, 120)",0.015
44084,"[15, 65)",0.079
44084,"[5, 15)",0.278
44085,"[0, 5)",0.011
44085,"[5, 15)",0.015
44085,"[15, 65)",0.079
44085,"[65, 120)",0.278
45035,"[65, 120)",0.011
45035,"[15, 65)",0.015
45035,"[0, 5)",0.079
45035,"[5, 15)",0.278
45041,"[65, 120)",0.011
45041,"[15, 65)",0.015
45041,"[5, 15)",0.079
45041,"[0, 5)",0.278
45059,"[65, 120)",0.011
45059,"[15, 65)",0.015
45059,"[5, 15)",0.079
45059,"[0, 5)",0.278
45060,"[15, 65)",0.011
45060,"[0, 5)",0.015
45060,"[65, 120)",0.079
45060,"[5, 15)",0.278
45061,"[65, 120)",0.011
45061,"[15, 65)",0.015
45061,"[5, 15)",0.079
45061,"[0, 5)",0.278
45062,"[65, 120)",0.011
45062,"[15, 65)",0.015
45062,"[5, 15)",0.079
45062,"[0, 5)",0.278
45063,"[65, 120)",0.011
45063,"[15, 65)",0.015
45063,"[5, 15)",0.079
45063,"[0, 5)",0.278
45064,"[5, 15)",0.011
45064,"[15, 65)",0.015
45064,"[65, 120)",0.079
45064,"[0, 5)",0.278
45065,"[0, 5)",0.011
45065,"[5, 15)",0.015
45065,"[15, 65)",0.079
45065,"[65, 120)",0.278
45068,"[0, 5)",0.011
45068,"[5, 15)",0.015
45068,"[15, 65)",0.079
45068,"[65, 120)",0.278
46003,"[5, 15)",0.011
46003,"[15, 65)",0.015
46003,"[65, 120)",0.079
46003,"[0, 5)",0.278
46013,"[0, 5)",0.011
46013,"[65, 120)",0.015
46013,"[5, 15)",0.079
46013,"[15, 65)",0.278
46014,"[0, 5)",0.011
46014,"[5, 15)",0.015
46014,"[15, 65)",0.079
46014,"[65, 120)",0.278
46020,"[5, 15)",0.011
46020,"[65, 120)",0.015
46020,"[15, 65)",0.079
46020,"[0, 5)",0.278
46021,"[15, 65)",0.011
46021,"[65, 120)",0.015
46021,"[5, 15)",0.079
46021,"[0, 5)",0.278
46024,"[15, 65)",0.011
46024,"[65, 120)",0.015
46024,"[5, 15)",0.079
46024,"[0, 5)",0.278
46025,"[0, 5)",0.011
46025,"[5, 15)",0.015
46025,"[15, 65)",0.079
46025,"[65, 120)",0.278
51004,"[5, 15)",0.002
51004,"[0, 5)",0.003
51004,"[15, 65)",0.011
51004,"[65, 120)",0.043
51008,"[65, 120)",0.002
51008,"[15, 65)",0.003
51008,"[5, 15)",0.011
51008,"[0, 5)",0.043
51009,"[15, 65)",0.002
51009,"[65, 120)",0.003
51009,"[0, 5)",0.011
51009,"[5, 15)",0.043
51012,"[0, 5)",0.002
51012,"[65, 120)",0.003
51012,"[15, 65)",0.011
51012,"[5, 15)",0.043
51014,"[0, 5)",0.002
51014,"[5, 15)",0.003
51014,"[15, 65)",0.011
51014,"[65, 120)",0.043
51017,"[15, 65)",0.002
51017,"[65, 120)",0.003
51017,"[0, 5)",0.011
51017,"[5, 15)",0.043
51019,"[65, 120)",0.002
51019,"[15, 65)",0.003
51019,"[5, 15)",0.011
51019,"[0, 5)",0.043
51065,"[65, 120)",0.002
51065,"[15, 65)",0.003
51065,"[5, 15)",0.011
51065,"[0, 5)",0.043
51067,"[0, 5)",0.002
51067,"[5, 15)",0.003
51067,"[15, 65)",0.011
51067,"[65, 120)",0.043
51068,"[65, 120)",0.002
51068,"[5, 15)",0.003
51068,"[0, 5)",0.011
51068,"[15, 65)",0.043
51069,"[65, 120)",0.002
51069,"[15, 65)",0.003
51069,"[5, 15)",0.011
51069,"[0, 5)",0.043
52010,"[5, 15)",0.002
52010,"[15, 65)",0.003
52010,"[65, 120)",0.011
52010,"[0, 5)",0.043
52011,"[0, 5)",0.002
52011,"[5, 15)",0.003
52011,"[65, 120)",0.011
52011,"[15, 65)",0.043
52012,"[15, 65)",0.002
52012,"[65, 120)",0.003
52012,"[5, 15)",0.011
52012,"[0, 5)",0.043
52015,"[65, 120)",0.002
52015,"[5, 15)",0.003
52015,"[15, 65)",0.011
52015,"[0, 5)",0.043
52018,"[0, 5)",0.002
52018,"[15, 65)",0.003
52018,"[65, 120)",0.011
52018,"[5, 15)",0.043
52021,"[0, 5)",0.002
52021,"[5, 15)",0.003
52021,"[15, 65)",0.011
52021,"[65, 120)",0.043
52022,"[0, 5)",0.002
52022,"[5, 15)",0.003
52022,"[15, 65)",0.011
52022,"[65, 120)",0.043
52025,"[0, 5)",0.002
52025,"[5, 15)",0.003
52025,"[15, 65)",0.011
52025,"[65, 120)",0.043
52048,"[15, 65)",0.002
52048,"[65, 120)",0.003
52048,"[5, 15)",0.011
52048,"[0, 5)",0.043
52055,"[65, 120)",0.002
52055,"[15, 65)",0.003
52055,"[5, 15)",0.011
52055,"[0, 5)",0.043
52074,"[65, 120)",0.002
52074,"[0, 5)",0.003
52074,"[5, 15)",0.011
52074,"[15, 65)",0.043
52075,"[0, 5)",0.002
52075,"[5, 15)",0.003
52075,"[65, 120)",0.011
52075,"[15, 65)",0.043
53014,"[5, 15)",0.002
53014,"[0, 5)",0.003
53014,"[15, 65)",0.011
53014,"[65, 120)",0.043
53020,"[0, 5)",0.002
53020,"[5, 15)",0.003
53020,"[15, 65)",0.011
53020,"[65, 120)",0.043
53028,"[5, 15)",0.002
53028,"[0, 5)",0.003
53028,"[15, 65)",0.011
53028,"[65, 120)",0.043
53039,"[0, 5)",0.002
53039,"[5, 15)",0.003
53039,"[15, 65)",0.011
53039,"[65, 120)",0.043
53044,"[15, 65)",0.002
53044,"[5, 15)",0.003
53044,"[65, 120)",0.011
53044,"[0, 5)",0.043
53046,"[0, 5)",0.002
53046,"[5, 15)",0.003
53046,"[65, 120)",0.011
53046,"[15, 65)",0.043
53053,"[0, 5)",0.002
53053,"[15, 65)",0.003
53053,"[65, 120)",0.011
53053,"[5, 15)",0.043
53065,"[65, 120)",0.002
53065,"[15, 65)",0.003
53065,"[5, 15)",0.011
53065,"[0, 5)",0.043
53068,"[15, 65)",0.002
53068,"[5, 15)",0.003
53068,"[0, 5)",0.011
53068,"[65, 120)",0.043
53070,"[65, 120)",0.002
53070,"[15, 65)",0.003
53070,"[5, 15)",0.011
53070,"[0, 5)",0.043
53082,"[5, 15)",0.002
53082,"[15, 65)",0.003
53082,"[65, 120)",0.011
53082,"[0, 5)",0.043
53083,"[15, 65)",0.002
53083,"[0, 5)",0.003
53083,"[5, 15)",0.011
53083,"[65, 120)",0.043
53084,"[65, 120)",0.002
53084,"[15, 65)",0.003
53084,"[5, 15)",0.011
53084,"[0, 5)",0.043
55004,"[15, 65)",0.002
55004,"[65, 120)",0.003
55004,"[5, 15)",0.011
55004,"[0, 5)",0.043
55035,"[15, 65)",0.002
55035,"[5, 15)",0.003
55035,"[0, 5)",0.011
55035,"[65, 120)",0.043
55040,"[0, 5)",0.002
55040,"[5, 15)",0.003
55040,"[65, 120)",0.011
55040,"[15, 65)",0.043
55050,"[0, 5)",0.002
55050,"[5, 15)",0.003
55050,"[15, 65)",0.011
55050,"[65, 120)",0.043
55085,"[15, 65)",0.002
55085,"[5, 15)",0.003
55085,"[0, 5)",0.011
55085,"[65, 120)",0.043
55086,"[65, 120)",0.002
55086,"[15, 65)",0.003
55086,"[5, 15)",0.011
55086,"[0, 5)",0.043
56001,"[65, 120)",0.002
56001,"[15, 65)",0.003
56001,"[5, 15)",0.011
56001,"[0, 5)",0.043
56005,"[0, 5)",0.002
56005,"[5, 15)",0.003
56005,"[65, 120)",0.011
56005,"[15, 65)",0.043
56016,"[5, 15)",0.002
56016,"[15, 65)",0.003
56016,"[65, 120)",0.011
56016,"[0, 5)",0.043
56022,"[5, 15)",0.002
56022,"[65, 120)",0.003
56022,"[15, 65)",0.011
56022,"[0, 5)",0.043
56029,"[5, 15)",0.002
56029,"[65, 120)",0.003
56029,"[0, 5)",0.011
56029,"[15, 65)",0.043
56044,"[0, 5)",0.002
56044,"[5, 15)",0.003
56044,"[15, 65)",0.011
56044,"[65, 120)",0.043
56049,"[65, 120)",0.002
56049,"[0, 5)",0.003
56049,"[5, 15)",0.011
56049,"[15, 65)",0.043
56051,"[5, 15)",0.002
56051,"[0, 5)",0.003
56051,"[65, 120)",0.011
56051,"[15, 65)",0.043
56078,"[15, 65)",0.002
56078,"[65, 120)",0.003
56078,"[0, 5)",0.011
56078,"[5, 15)",0.043
56086,"[65, 120)",0.002
56086,"[15, 65)",0.003
56086,"[0, 5)",0.011
56086,"[5, 15)",0.043
56088,"[5, 15)",0.002
56088,"[65, 120)",0.003
56088,"[0, 5)",0.011
56088,"[15, 65)",0.043
57003,"[15, 65)",0.002
57003,"[5, 15)",0.003
57003,"[0, 5)",0.011
57003,"[65, 120)",0.043
57018,"[0, 5)",0.002
57018,"[5, 15)",0.003
57018,"[15, 65)",0.011
57018,"[65, 120)",0.043
57027,"[65, 120)",0.002
57027,"[0, 5)",0.003
57027,"[5, 15)",0.011
57027,"[15, 65)",0.043
57062,"[65, 120)",0.002
57062,"[15, 65)",0.003
57062,"[5, 15)",0.011
57062,"[0, 5)",0.043
57064,"[0, 5)",0.002
57064,"[5, 15)",0.003
57064,"[15, 65)",0.011
57064,"[65, 120)",0.043
57072,"[65, 120)",0.002
57072,"[0, 5)",0.003
57072,"[5, 15)",0.011
57072,"[15, 65)",0.043
57081,"[65, 120)",0.002
57081,"[5, 15)",0.003
57081,"[15, 65)",0.011
57081,"[0, 5)",0.043
57093,"[0, 5)",0.002
57093,"[5, 15)",0.003
57093,"[65, 120)",0.011
57093,"[15, 65)",0.043
57094,"[65, 120)",0.002
57094,"[15, 65)",0.003
57094,"[5, 15)",0.011
57094,"[0, 5)",0.043
57095,"[0, 5)",0.002
57095,"[5, 15)",0.003
57095,"[15, 65)",0.011
57095,"[65, 120)",0.043
57096,"[15, 65)",0.002
57096,"[0, 5)",0.003
57096,"[5, 15)",0.011
57096,"[65, 120)",0.043
57097,"[65, 120)",0.002
57097,"[15, 65)",0.003
57097,"[5, 15)",0.011
57097,"[0, 5)",0.043
58001,"[0, 5)",0.002
58001,"[5, 15)",0.003
58001,"[15, 65)",0.011
58001,"[65, 120)",0.043
58002,"[65, 120)",0.002
58002,"[0, 5)",0.003
58002,"[5, 15)",0.011
58002,"[15, 65)",0.043
58003,"[15, 65)",0.002
58003,"[5, 15)",0.003
58003,"[65, 120)",0.011
58003,"[0, 5)",0.043
58004,"[15, 65)",0.002
58004,"[5, 15)",0.003
58004,"[0, 5)",0.011
58004,"[65, 120)",0.043
61003,"[15, 65)",0.002
61003,"[5, 15)",0.003
61003,"[65, 120)",0.011
61003,"[0, 5)",0.043
61010,"[65, 120)",0.002
61010,"[15, 65)",0.003
61010,"[5, 15)",0.011
61010,"[0, 5)",0.043
61012,"[5, 15)",0.002
61012,"[65, 120)",0.003
61012,"[15, 65)",0.011
61012,"[0, 5)",0.043
61019,"[65, 120)",0.002
61019,"[15, 65)",0.003
61019,"[5, 15)",0.011
61019,"[0, 5)",0.043
61024,"[15, 65)",0.002
61024,"[0, 5)",0.003
61024,"[5, 15)",0.011
61024,"[65, 120)",0.043
61028,"[0, 5)",0.002
61028,"[5, 15)",0.003
61028,"[65, 120)",0.011
61028,"[15, 65)",0.043
61031,"[0, 5)",0.002
61031,"[5, 15)",0.003
61031,"[65, 120)",0.011
61031,"[15, 65)",0.043
61039,"[15, 65)",0.002
61039,"[65, 120)",0.003
61039,"[5, 15)",0.011
61039,"[0, 5)",0.043
61041,"[65, 120)",0.002
61041,"[15, 65)",0.003
61041,"[5, 15)",0.011
61041,"[0, 5)",0.043
61043,"[65, 120)",0.002
61043,"[0, 5)",0.003
61043,"[5, 15)",0.011
61043,"[15, 65)",0.043
61048,"[0, 5)",0.002
61048,"[5, 15)",0.003
61048,"[15, 65)",0.011
61048,"[65, 120)",0.043
61063,"[65, 120)",0.002
61063,"[15, 65)",0.003
61063,"[5, 15)",0.011
61063,"[0, 5)",0.043
61068,"[65, 120)",0.002
61068,"[15, 65)",0.003
61068,"[5, 15)",0.011
61068,"[0, 5)",0.043
61072,"[65, 120)",0.002
61072,"[0, 5)",0.003
61072,"[15, 65)",0.011
61072,"[5, 15)",0.043
61079,"[65, 120)",0.002
61079,"[15, 65)",0.003
61079,"[5, 15)",0.011
61079,"[0, 5)",0.043
61080,"[15, 65)",0.002
61080,"[0, 5)",0.003
61080,"[5, 15)",0.011
61080,"[65, 120)",0.043
61081,"[65, 120)",0.002
61081,"[15, 65)",0.003
61081,"[5, 15)",0.011
61081,"[0, 5)",0.043
62003,"[65, 120)",0.002
62003,"[15, 65)",0.003
62003,"[5, 15)",0.011
62003,"[0, 5)",0.043
62006,"[0, 5)",0.002
62006,"[65, 120)",0.003
62006,"[15, 65)",0.011
62006,"[5, 15)",0.043
62009,"[65, 120)",0.002
62009,"[15, 65)",0.003
62009,"[5, 15)",0.011
62009,"[0, 5)",0.043
62011,"[5, 15)",0.002
62011,"[0, 5)",0.003
62011,"[15, 65)",0.011
62011,"[65, 120)",0.043
62015,"[15, 65)",0.002
62015,"[0, 5)",0.003
62015,"[5, 15)",0.011
62015,"[65, 120)",0.043
62022,"[0, 5)",0.002
62022,"[5, 15)",0.003
62022,"[15, 65)",0.011
62022,"[65, 120)",0.043
62026,"[5, 15)",0.002
62026,"[0, 5)",0.003
62026,"[15, 65)",0.011
62026,"[65, 120)",0.043
62027,"[65, 120)",0.002
62027,"[15, 65)",0.003
62027,"[0, 5)",0.011
62027,"[5, 15)",0.043
62032,"[65, 120)",0.002
62032,"[0, 5)",0.003
62032,"[5, 15)",0.011
62032,"[15, 65)",0.043
62038,"[0, 5)",0.002
62038,"[5, 15)",0.003
62038,"[15, 65)",0.011
62038,"[65, 120)",0.043
62051,"[0, 5)",0.002
62051,"[5, 15)",0.003
62051,"[15, 65)",0.011
62051,"[65, 120)",0.043
62060,"[0, 5)",0.002
62060,"[15, 65)",0.003
62060,"[65, 120)",0.011
62060,"[5, 15)",0.043
62063,"[0, 5)",0.002
62063,"[5, 15)",0.003
62063,"[65, 120)",0.011
62063,"[15, 65)",0.043
62079,"[0, 5)",0.002
62079,"[15, 65)",0.003
62079,"[65, 120)",0.011
62079,"[5, 15)",0.043
62093,"[15, 65)",0.002
62093,"[0, 5)",0.003
62093,"[65, 120)",0.011
62093,"[5, 15)",0.043
62096,"[65, 120)",0.002
62096,"[15, 65)",0.003
62096,"[5, 15)",0.011
62096,"[0, 5)",0.043
62099,"[65, 120)",0.002
62099,"[0, 5)",0.003
62099,"[5, 15)",0.011
62099,"[15, 65)",0.043
62100,"[0, 5)",0.002
62100,"[5, 15)",0.003
62100,"[15, 65)",0.011
62100,"[65, 120)",0.043
62108,"[5, 15)",0.002
62108,"[0, 5)",0.003
62108,"[15, 65)",0.011
62108,"[65, 120)",0.043
62118,"[0, 5)",0.002
62118,"[5, 15)",0.003
62118,"[15, 65)",0.011
62118,"[65, 120)",0.043
62119,"[5, 15)",0.002
62119,"[15, 65)",0.003
62119,"[65, 120)",0.011
62119,"[0, 5)",0.043
62120,"[0, 5)",0.002
62120,"[5, 15)",0.003
62120,"[15, 65)",0.011
62120,"[65, 120)",0.043
62121,"[0, 5)",0.002
62121,"[5, 15)",0.003
62121,"[65, 120)",0.011
62121,"[15, 65)",0.043
62122,"[15, 65)",0.002
62122,"[65, 120)",0.003
62122,"[5, 15)",0.011
62122,"[0, 5)",0.043
63001,"[65, 120)",0.002
63001,"[15, 65)",0.003
63001,"[5, 15)",0.011
63001,"[0, 5)",0.043
63003,"[65, 120)",0.002
63003,"[0, 5)",0.003
63003,"[5, 15)",0.011
63003,"[15, 65)",0.043
63004,"[5, 15)",0.002
63004,"[0, 5)",0.003
63004,"[15, 65)",0.011
63004,"[65, 120)",0.043
63012,"[65, 120)",0.002
63012,"[15, 65)",0.003
63012,"[5, 15)",0.011
63012,"[0, 5)",0.043
63013,"[65, 120)",0.002
63013,"[15, 65)",0.003
63013,"[5, 15)",0.011
63013,"[0, 5)",0.043
63020,"[65, 120)",0.002
63020,"[0, 5)",0.003
63020,"[15, 65)",0.011
63020,"[5, 15)",0.043
63023,"[65, 120)",0.002
63023,"[15, 65)",0.003
63023,"[5, 15)",0.011
63023,"[0, 5)",0.043
63035,"[15, 65)",0.002
63035,"[0, 5)",0.003
63035,"[5, 15)",0.011
63035,"[65, 120)",0.043
63038,"[65, 120)",0.002
63038,"[15, 65)",0.003
63038,"[5, 15)",0.011
63038,"[0, 5)",0.043
63040,"[65, 120)",0.002
63040,"[15, 65)",0.003
63040,"[5, 15)",0.011
63040,"[0, 5)",0.043
63045,"[0, 5)",0.002
63045,"[65, 120)",0.003
63045,"[15, 65)",0.011
63045,"[5, 15)",0.043
63046,"[65, 120)",0.002
63046,"[15, 65)",0.003
63046,"[5, 15)",0.011
63046,"[0, 5)",0.043
63048,"[5, 15)",0.002
63048,"[0, 5)",0.003
63048,"[15, 65)",0.011
63048,"[65, 120)",0.043
63049,"[0, 5)",0.002
63049,"[5, 15)",0.003
63049,"[15, 65)",0.011
63049,"[65, 120)",0.043
63057,"[0, 5)",0.002
63057,"[5, 15)",0.003
63057,"[15, 65)",0.011
63057,"[65, 120)",0.043
63058,"[15, 65)",0.002
63058,"[65, 120)",0.003
63058,"[5, 15)",0.011
63058,"[0, 5)",0.043
63061,"[0, 5)",0.002
63061,"[5, 15)",0.003
63061,"[15, 65)",0.011
63061,"[65, 120)",0.043
63067,"[0, 5)",0.002
63067,"[5, 15)",0.003
63067,"[15, 65)",0.011
63067,"[65, 120)",0.043
63072,"[0, 5)",0.002
63072,"[5, 15)",0.003
63072,"[15, 65)",0.011
63072,"[65, 120)",0.043
63073,"[0, 5)",0.002
63073,"[15, 65)",0.003
63073,"[65, 120)",0.011
63073,"[5, 15)",0.043
63075,"[0, 5)",0.002
63075,"[5, 15)",0.003
63075,"[15, 65)",0.011
63075,"[65, 120)",0.043
63076,"[15, 65)",0.002
63076,"[65, 120)",0.003
63076,"[0, 5)",0.011
63076,"[5, 15)",0.043
63079,"[0, 5)",0.002
63079,"[5, 15)",0.003
63079,"[15, 65)",0.011
63079,"[65, 120)",0.043
63080,"[0, 5)",0.002
63080,"[65, 120)",0.003
63080,"[5, 15)",0.011
63080,"[15, 65)",0.043
63084,"[65, 120)",0.002
63084,"[0, 5)",0.003
63084,"[5, 15)",0.011
63084,"[15, 65)",0.043
63086,"[0, 5)",0.002
63086,"[5, 15)",0.003
63086,"[15, 65)",0.011
63086,"[65, 120)",0.043
63087,"[5, 15)",0.002
63087,"[0, 5)",0.003
63087,"[15, 65)",0.011
63087,"[65, 120)",0.043
63088,"[0, 5)",0.002
63088,"[5, 15)",0.003
63088,"[15, 65)",0.011
63088,"[65, 120)",0.043
63089,"[5, 15)",0.002
63089,"[15, 65)",0.003
63089,"[65, 120)",0.011
63089,"[0, 5)",0.043
64008,"[0, 5)",0.002
64008,"[5, 15)",0.003
64008,"[15, 65)",0.011
64008,"[65, 120)",0.043
64015,"[0, 5)",0.002
64015,"[5, 15)",0.003
64015,"[15, 65)",0.011
64015,"[65, 120)",0.043
64021,"[15, 65)",0.002
64021,"[65, 120)",0.003
64021,"[0, 5)",0.011
64021,"[5, 15)",0.043
64023,"[5, 15)",0.002
64023,"[15, 65)",0.003
64023,"[65, 120)",0.011
64023,"[0, 5)",0.043
64025,"[65, 120)",0.002
64025,"[0, 5)",0.003
64025,"[5, 15)",0.011
64025,"[15, 65)",0.043
64029,"[0, 5)",0.002
64029,"[5, 15)",0.003
64029,"[15, 65)",0.011
64029,"[65, 120)",0.043
64034,"[0, 5)",0.002
64034,"[5, 15)",0.003
64034,"[15, 65)",0.011
64034,"[65, 120)",0.043
64047,"[65, 120)",0.002
64047,"[15, 65)",0.003
64047,"[5, 15)",0.011
64047,"[0, 5)",0.043
64056,"[65, 120)",0.002
64056,"[15, 65)",0.003
64056,"[5, 15)",0.011
64056,"[0, 5)",0.043
64063,"[65, 120)",0.002
64063,"[0, 5)",0.003
64063,"[5, 15)",0.011
64063,"[15, 65)",0.043
64065,"[5, 15)",0.002
64065,"[15, 65)",0.003
64065,"[65, 120)",0.011
64065,"[0, 5)",0.043
64074,"[5, 15)",0.002
64074,"[15, 65)",0.003
64074,"[65, 120)",0.011
64074,"[0, 5)",0.043
64075,"[0, 5)",0.002
64075,"[5, 15)",0.003
64075,"[15, 65)",0.011
64075,"[65, 120)",0.043
64076,"[0, 5)",0.002
64076,"[5, 15)",0.003
64076,"[15, 65)",0.011
64076,"[65, 120)",0.043
71002,"[0, 5)",0.011
71002,"[5, 15)",0.015
71002,"[15, 65)",0.079
71002,"[65, 120)",0.278
71004,"[65, 120)",0.011
71004,"[15, 65)",0.015
71004,"[5, 15)",0.079
71004,"[0, 5)",0.278
71011,"[0, 5)",0.011
71011,"[5, 15)",0.015
71011,"[15, 65)",0.079
71011,"[65, 120)",0.278
71016,"[0, 5)",0.011
71016,"[5, 15)",0.015
71016,"[15, 65)",0.079
71016,"[65, 120)",0.278
71017,"[5, 15)",0.011
71017,"[15, 65)",0.015
71017,"[65, 120)",0.079
71017,"[0, 5)",0.278
71020,"[0, 5)",0.011
71020,"[5, 15)",0.015
71020,"[15, 65)",0.079
71020,"[65, 120)",0.278
71022,"[5, 15)",0.011
71022,"[0, 5)",0.015
71022,"[15, 65)",0.079
71022,"[65, 120)",0.278
71024,"[0, 5)",0.011
71024,"[5, 15)",0.015
71024,"[15, 65)",0.079
71024,"[65, 120)",0.278
71034,"[0, 5)",0.011
71034,"[65, 120)",0.015
71034,"[15, 65)",0.079
71034,"[5, 15)",0.278
71037,"[0, 5)",0.011
71037,"[5, 15)",0.015
71037,"[15, 65)",0.079
71037,"[65, 120)",0.278
71045,"[65, 120)",0.011
71045,"[0, 5)",0.015
71045,"[5, 15)",0.079
71045,"[15, 65)",0.278
71053,"[65, 120)",0.011
71053,"[0, 5)",0.015
71053,"[5, 15)",0.079
71053,"[15, 65)",0.278
71057,"[0, 5)",0.011
71057,"[5, 15)",0.015
71057,"[15, 65)",0.079
71057,"[65, 120)",0.278
71066,"[5, 15)",0.011
71066,"[0, 5)",0.015
71066,"[15, 65)",0.079
71066,"[65, 120)",0.278
71067,"[65, 120)",0.011
71067,"[5, 15)",0.015
71067,"[15, 65)",0.079
71067,"[0, 5)",0.278
71069,"[65, 120)",0.011
71069,"[0, 5)",0.015
71069,"[5, 15)",0.079
71069,"[15, 65)",0.278
71070,"[0, 5)",0.011
71070,"[5, 15)",0.015
71070,"[15, 65)",0.079
71070,"[65, 120)",0.278
72003,"[5, 15)",0.011
72003,"[65, 120)",0.015
72003,"[15, 65)",0.079
72003,"[0, 5)",0.278
72004,"[65, 120)",0.011
72004,"[15, 65)",0.015
72004,"[5, 15)",0.079
72004,"[0, 5)",0.278
72018,"[5, 15)",0.011
72018,"[0, 5)",0.015
72018,"[65, 120)",0.079
72018,"[15, 65)",0.278
72020,"[65, 120)",0.011
72020,"[15, 65)",0.015
72020,"[5, 15)",0.079
72020,"[0, 5)",0.278
72021,"[5, 15)",0.011
72021,"[65, 120)",0.015
72021,"[0, 5)",0.079
72021,"[15, 65)",0.278
72030,"[65, 120)",0.011
72030,"[15, 65)",0.015
72030,"[5, 15)",0.079
72030,"[0, 5)",0.278
72037,"[65, 120)",0.011
72037,"[15, 65)",0.015
72037,"[5, 15)",0.079
72037,"[0, 5)",0.278
72038,"[5, 15)",0.011
72038,"[65, 120)",0.015
72038,"[15, 65)",0.079
72038,"[0, 5)",0.278
72039,"[65, 120)",0.011
72039,"[15, 65)",0.015
72039,"[5, 15)",0.079
72039,"[0, 5)",0.278
72041,"[15, 65)",0.011
72041,"[5, 15)",0.015
72041,"[0, 5)",0.079
72041,"[65, 120)",0.278
72042,"[15, 65)",0.011
72042,"[65, 120)",0.015
72042,"[0, 5)",0.079
72042,"[5, 15)",0.278
72043,"[0, 5)",0.011
72043,"[5, 15)",0.015
72043,"[15, 65)",0.079
72043,"[65, 120)",0.278
73001,"[15, 65)",0.011
73001,"[0, 5)",0.015
73001,"[5, 15)",0.079
73001,"[65, 120)",0.278
73006,"[0, 5)",0.011
73006,"[5, 15)",0.015
73006,"[15, 65)",0.079
73006,"[65, 120)",0.278
73009,"[65, 120)",0.011
73009,"[15, 65)",0.015
73009,"[0, 5)",0.079
73009,"[5, 15)",0.278
73022,"[0, 5)",0.011
73022,"[5, 15)",0.015
73022,"[15, 65)",0.079
73022,"[65, 120)",0.278
73028,"[0, 5)",0.011
73028,"[5, 15)",0.015
73028,"[15, 65)",0.079
73028,"[65, 120)",0.278
73032,"[5, 15)",0.011
73032,"[0, 5)",0.015
73032,"[15, 65)",0.079
73032,"[65, 120)",0.278
73040,"[5, 15)",0.011
73040,"[65, 120)",0.015
73040,"[0, 5)",0.079
73040,"[15, 65)",0.278
73042,"[0, 5)",0.011
73042,"[5, 15)",0.015
73042,"[15, 65)",0.079
73042,"[65, 120)",0.278
73066,"[0, 5)",0.011
73066,"[5, 15)",0.015
73066,"[15, 65)",0.079
73066,"[65, 120)",0.278
73083,"[0, 5)",0.011
73083,"[15, 65)",0.015
73083,"[65, 120)",0.079
73083,"[5, 15)",0.278
73098,"[0, 5)",0.011
73098,"[5, 15)",0.015
73098,"[15, 65)",0.079
73098,"[65, 120)",0.278
73107,"[0, 5)",0.011
73107,"[5, 15)",0.015
73107,"[15, 65)",0.079
73107,"[65, 120)",0.278
73109,"[15, 65)",0.011
73109,"[5, 15)",0.015
73109,"[65, 120)",0.079
73109,"[0, 5)",0.278
81001,"[0, 5)",0.002
81001,"[5, 15)",0.003
81001,"[15, 65)",0.011
81001,"[65, 120)",0.043
81003,"[65, 120)",0.002
81003,"[0, 5)",0.003
81003,"[5, 15)",0.011
81003,"[15, 65)",0.043
81004,"[5, 15)",0.002
81004,"[15, 65)",0.003
81004,"[65, 120)",0.011
81004,"[0, 5)",0.043
81013,"[0, 5)",0.002
81013,"[5, 15)",0.003
81013,"[65, 120)",0.011
81013,"[15, 65)",0.043
81015,"[5, 15)",0.002
81015,"[65, 120)",0.003
81015,"[0, 5)",0.011
81015,"[15, 65)",0.043
82003,"[0, 5)",0.002
82003,"[5, 15)",0.003
82003,"[15, 65)",0.011
82003,"[65, 120)",0.043
82005,"[65, 120)",0.002
82005,"[0, 5)",0.003
82005,"[5, 15)",0.011
82005,"[15, 65)",0.043
82009,"[65, 120)",0.002
82009,"[15, 65)",0.003
82009,"[0, 5)",0.011
82009,"[5, 15)",0.043
82014,"[5, 15)",0.002
82014,"[0, 5)",0.003
82014,"[15, 65)",0.011
82014,"[65, 120)",0.043
82032,"[0, 5)",0.002
82032,"[5, 15)",0.003
82032,"[15, 65)",0.011
82032,"[65, 120)",0.043
82036,"[0, 5)",0.002
82036,"[5, 15)",0.003
82036,"[15, 65)",0.011
82036,"[65, 120)",0.043
82037,"[65, 120)",0.002
82037,"[0, 5)",0.003
82037,"[5, 15)",0.011
82037,"[15, 65)",0.043
82038,"[0, 5)",0.002
82038,"[5, 15)",0.003
82038,"[65, 120)",0.011
82038,"[15, 65)",0.043
83012,"[0, 5)",0.002
83012,"[5, 15)",0.003
83012,"[15, 65)",0.011
83012,"[65, 120)",0.043
83013,"[15, 65)",0.002
83013,"[0, 5)",0.003
83013,"[5, 15)",0.011
83013,"[65, 120)",0.043
83028,"[15, 65)",0.002
83028,"[65, 120)",0.003
83028,"[0, 5)",0.011
83028,"[5, 15)",0.043
83031,"[0, 5)",0.002
83031,"[15, 65)",0.003
83031,"[65, 120)",0.011
83031,"[5, 15)",0.043
83034,"[15, 65)",0.002
83034,"[0, 5)",0.003
83034,"[5, 15)",0.011
83034,"[65, 120)",0.043
83040,"[0, 5)",0.002
83040,"[5, 15)",0.003
83040,"[15, 65)",0.011
83040,"[65, 120)",0.043
83044,"[0, 5)",0.002
83044,"[5, 15)",0.003
83044,"[15, 65)",0.011
83044,"[65, 120)",0.043
83049,"[0, 5)",0.002
83049,"[65, 120)",0.003
83049,"[15, 65)",0.011
83049,"[5, 15)",0.043
83055,"[0, 5)",0.002
83055,"[5, 15)",0.003
83055,"[15, 65)",0.011
83055,"[65, 120)",0.043
84009,"[0, 5)",0.002
84009,"[5, 15)",0.003
84009,"[15, 65)",0.011
84009,"[65, 120)",0.043
84010,"[0, 5)",0.002
84010,"[5, 15)",0.003
84010,"[15, 65)",0.011
84010,"[65, 120)",0.043
84016,"[0, 5)",0.002
84016,"[5, 15)",0.003
84016,"[65, 120)",0.011
84016,"[15, 65)",0.043
84029,"[5, 15)",0.002
84029,"[65, 120)",0.003
84029,"[15, 65)",0.011
84029,"[0, 5)",0.043
84033,"[0, 5)",0.002
84033,"[5, 15)",0.003
84033,"[15, 65)",0.011
84033,"[65, 120)",0.043
84035,"[0, 5)",0.002
84035,"[5, 15)",0.003
84035,"[15, 65)",0.011
84035,"[65, 120)",0.043
84043,"[0, 5)",0.002
84043,"[5, 15)",0.003
84043,"[15, 65)",0.011
84043,"[65, 120)",0.043
84050,"[15, 65)",0.002
84050,"[65, 120)",0.003
84050,"[0, 5)",0.011
84050,"[5, 15)",0.043
84059,"[65, 120)",0.002
84059,"[0, 5)",0.003
84059,"[5, 15)",0.011
84059,"[15, 65)",0.043
84068,"[0, 5)",0.002
84068,"[5, 15)",0.003
84068,"[15, 65)",0.011
84068,"[65, 120)",0.043
84075,"[0, 5)",0.002
84075,"[5, 15)",0.003
84075,"[65, 120)",0.011
84075,"[15, 65)",0.043
84077,"[0, 5)",0.002
84077,"[15, 65)",0.003
84077,"[65, 120)",0.011
84077,"[5, 15)",0.043
85007,"[0, 5)",0.002
85007,"[5, 15)",0.003
85007,"[15, 65)",0.011
85007,"[65, 120)",0.043
85009,"[15, 65)",0.002
85009,"[65, 120)",0.003
85009,"[0, 5)",0.011
85009,"[5, 15)",0.043
85011,"[0, 5)",0.002
85011,"[5, 15)",0.003
85011,"[15, 65)",0.011
85011,"[65, 120)",0.043
85024,"[65, 120)",0.002
85024,"[0, 5)",0.003
85024,"[5, 15)",0.011
85024,"[15, 65)",0.043
85026,"[15, 65)",0.002
85026,"[5, 15)",0.003
85026,"[65, 120)",0.011
85026,"[0, 5)",0.043
85034,"[15, 65)",0.002
85034,"[0, 5)",0.003
85034,"[5, 15)",0.011
85034,"[65, 120)",0.043
85039,"[0, 5)",0.002
85039,"[5, 15)",0.003
85039,"[15, 65)",0.011
85039,"[65, 120)",0.043
85045,"[0, 5)",0.002
85045,"[5, 15)",0.003
85045,"[15, 65)",0.011
85045,"[65, 120)",0.043
85046,"[0, 5)",0.002
85046,"[5, 15)",0.003
85046,"[15, 65)",0.011
85046,"[65, 120)",0.043
85047,"[5, 15)",0.002
85047,"[15, 65)",0.003
85047,"[65, 120)",0.011
85047,"[0, 5)",0.043
91005,"[0, 5)",0.002
91005,"[5, 15)",0.003
91005,"[15, 65)",0.011
91005,"[65, 120)",0.043
91013,"[65, 120)",0.002
91013,"[0, 5)",0.003
91013,"[5, 15)",0.011
91013,"[15, 65)",0.043
91015,"[0, 5)",0.002
91015,"[15, 65)",0.003
91015,"[65, 120)",0.011
91015,"[5, 15)",0.043
91030,"[0, 5)",0.002
91030,"[5, 15)",0.003
91030,"[15, 65)",0.011
91030,"[65, 120)",0.043
91034,"[0, 5)",0.002
91034,"[5, 15)",0.003
91034,"[15, 65)",0.011
91034,"[65, 120)",0.043
91054,"[0, 5)",0.002
91054,"[5, 15)",0.003
91054,"[15, 65)",0.011
91054,"[65, 120)",0.043
91059,"[65, 120)",0.002
91059,"[0, 5)",0.003
91059,"[5, 15)",0.011
91059,"[15, 65)",0.043
91064,"[0, 5)",0.002
91064,"[5, 15)",0.003
91064,"[65, 120)",0.011
91064,"[15, 65)",0.043
91072,"[0, 5)",0.002
91072,"[5, 15)",0.003
91072,"[15, 65)",0.011
91072,"[65, 120)",0.043
91103,"[15, 65)",0.002
91103,"[0, 5)",0.003
91103,"[5, 15)",0.011
91103,"[65, 120)",0.043
91114,"[15, 65)",0.002
91114,"[65, 120)",0.003
91114,"[0, 5)",0.011
91114,"[5, 15)",0.043
91120,"[0, 5)",0.002
91120,"[15, 65)",0.003
91120,"[65, 120)",0.011
91120,"[5, 15)",0.043
91141,"[15, 65)",0.002
91141,"[0, 5)",0.003
91141,"[5, 15)",0.011
91141,"[65, 120)",0.043
91142,"[0, 5)",0.002
91142,"[5, 15)",0.003
91142,"[15, 65)",0.011
91142,"[65, 120)",0.043
91143,"[0, 5)",0.002
91143,"[5, 15)",0.003
91143,"[15, 65)",0.011
91143,"[65, 120)",0.043
92003,"[15, 65)",0.002
92003,"[5, 15)",0.003
92003,"[65, 120)",0.011
92003,"[0, 5)",0.043
92006,"[65, 120)",0.002
92006,"[15, 65)",0.003
92006,"[0, 5)",0.011
92006,"[5, 15)",0.043
92035,"[0, 5)",0.002
92035,"[5, 15)",0.003
92035,"[15, 65)",0.011
92035,"[65, 120)",0.043
92045,"[65, 120)",0.002
92045,"[0, 5)",0.003
92045,"[5, 15)",0.011
92045,"[15, 65)",0.043
92048,"[0, 5)",0.002
92048,"[5, 15)",0.003
92048,"[65, 120)",0.011
92048,"[15, 65)",0.043
92054,"[5, 15)",0.002
92054,"[15, 65)",0.003
92054,"[65, 120)",0.011
92054,"[0, 5)",0.043
92087,"[0, 5)",0.002
92087,"[5, 15)",0.003
92087,"[15, 65)",0.011
92087,"[65, 120)",0.043
92094,"[15, 65)",0.002
92094,"[0, 5)",0.003
92094,"[5, 15)",0.011
92094,"[65, 120)",0.043
92097,"[0, 5)",0.002
92097,"[5, 15)",0.003
92097,"[15, 65)",0.011
92097,"[65, 120)",0.043
92101,"[0, 5)",0.002
92101,"[5, 15)",0.003
92101,"[15, 65)",0.011
92101,"[65, 120)",0.043
92114,"[15, 65)",0.002
92114,"[65, 120)",0.003
92114,"[0, 5)",0.011
92114,"[5, 15)",0.043
92137,"[0, 5)",0.002
92137,"[65, 120)",0.003
92137,"[5, 15)",0.011
92137,"[15, 65)",0.043
92138,"[0, 5)",0.002
92138,"[5, 15)",0.003
92138,"[15, 65)",0.011
92138,"[65, 120)",0.043
92140,"[65, 120)",0.002
92140,"[0, 5)",0.003
92140,"[5, 15)",0.011
92140,"[15, 65)",0.043
92141,"[5, 15)",0.002
92141,"[15, 65)",0.003
92141,"[65, 120)",0.011
92141,"[0, 5)",0.043
92142,"[0, 5)",0.002
92142,"[5, 15)",0.003
92142,"[15, 65)",0.011
92142,"[65, 120)",0.043
93010,"[0, 5)",0.002
93010,"[15, 65)",0.003
93010,"[5, 15)",0.011
93010,"[65, 120)",0.043
93014,"[0, 5)",0.002
93014,"[5, 15)",0.003
93014,"[15, 65)",0.011
93014,"[65, 120)",0.043
93018,"[0, 5)",0.002
93018,"[5, 15)",0.003
93018,"[15, 65)",0.011
93018,"[65, 120)",0.043
93022,"[15, 65)",0.002
93022,"[0, 5)",0.003
93022,"[5, 15)",0.011
93022,"[65, 120)",0.043
93056,"[15, 65)",0.002
93056,"[0, 5)",0.003
93056,"[5, 15)",0.011
93056,"[65, 120)",0.043
93088,"[0, 5)",0.002
93088,"[5, 15)",0.003
93088,"[15, 65)",0.011
93088,"[65, 120)",0.043
93090,"[0, 5)",0.002
93090,"[5, 15)",0.003
93090,"[65, 120)",0.011
93090,"[15, 65)",0.043
